{
    "A": {
        "precision": 1.0,
        "recall": 0.75,
        "f1-score": 0.8571428571428571,
        "support": 20.0
    },
    "AE": {
        "precision": 0.8666666666666667,
        "recall": 0.8125,
        "f1-score": 0.8387096774193549,
        "support": 16.0
    },
    "B": {
        "precision": 1.0,
        "recall": 1.0,
        "f1-score": 1.0,
        "support": 19.0
    },
    "CH": {
        "precision": 0.95,
        "recall": 1.0,
        "f1-score": 0.9743589743589743,
        "support": 19.0
    },
    "D": {
        "precision": 1.0,
        "recall": 0.6666666666666666,
        "f1-score": 0.8,
        "support": 18.0
    },
    "E": {
        "precision": 0.5757575757575758,
        "recall": 1.0,
        "f1-score": 0.7307692307692307,
        "support": 19.0
    },
    "E_": {
        "precision": 1.0,
        "recall": 0.75,
        "f1-score": 0.8571428571428571,
        "support": 20.0
    },
    "F": {
        "precision": 0.9333333333333333,
        "recall": 1.0,
        "f1-score": 0.9655172413793104,
        "support": 14.0
    },
    "G": {
        "precision": 1.0,
        "recall": 0.9,
        "f1-score": 0.9473684210526315,
        "support": 20.0
    },
    "GH": {
        "precision": 0.9523809523809523,
        "recall": 1.0,
        "f1-score": 0.975609756097561,
        "support": 20.0
    },
    "H": {
        "precision": 0.6956521739130435,
        "recall": 1.0,
        "f1-score": 0.8205128205128205,
        "support": 16.0
    },
    "H_": {
        "precision": 1.0,
        "recall": 0.7058823529411765,
        "f1-score": 0.8275862068965517,
        "support": 17.0
    },
    "I": {
        "precision": 0.8636363636363636,
        "recall": 1.0,
        "f1-score": 0.926829268292683,
        "support": 19.0
    },
    "I_": {
        "precision": 1.0,
        "recall": 0.95,
        "f1-score": 0.9743589743589743,
        "support": 20.0
    },
    "K": {
        "precision": 1.0,
        "recall": 1.0,
        "f1-score": 1.0,
        "support": 20.0
    },
    "L": {
        "precision": 1.0,
        "recall": 0.9411764705882353,
        "f1-score": 0.9696969696969697,
        "support": 17.0
    },
    "M": {
        "precision": 1.0,
        "recall": 1.0,
        "f1-score": 1.0,
        "support": 19.0
    },
    "MS": {
        "precision": 1.0,
        "recall": 0.85,
        "f1-score": 0.918918918918919,
        "support": 20.0
    },
    "N": {
        "precision": 0.9047619047619048,
        "recall": 0.95,
        "f1-score": 0.926829268292683,
        "support": 20.0
    },
    "NG": {
        "precision": 1.0,
        "recall": 1.0,
        "f1-score": 1.0,
        "support": 20.0
    },
    "O": {
        "precision": 0.95,
        "recall": 0.95,
        "f1-score": 0.95,
        "support": 20.0
    },
    "OE": {
        "precision": 1.0,
        "recall": 1.0,
        "f1-score": 1.0,
        "support": 20.0
    },
    "P": {
        "precision": 1.0,
        "recall": 0.8947368421052632,
        "f1-score": 0.9444444444444444,
        "support": 19.0
    },
    "Q": {
        "precision": 1.0,
        "recall": 1.0,
        "f1-score": 1.0,
        "support": 17.0
    },
    "R": {
        "precision": 0.9444444444444444,
        "recall": 1.0,
        "f1-score": 0.9714285714285714,
        "support": 17.0
    },
    "S": {
        "precision": 0.9090909090909091,
        "recall": 1.0,
        "f1-score": 0.9523809523809523,
        "support": 20.0
    },
    "SCH": {
        "precision": 1.0,
        "recall": 1.0,
        "f1-score": 1.0,
        "support": 20.0
    },
    "SH": {
        "precision": 0.9210526315789473,
        "recall": 1.0,
        "f1-score": 0.958904109589041,
        "support": 35.0
    },
    "T": {
        "precision": 1.0,
        "recall": 1.0,
        "f1-score": 1.0,
        "support": 20.0
    },
    "TB": {
        "precision": 1.0,
        "recall": 1.0,
        "f1-score": 1.0,
        "support": 19.0
    },
    "TS": {
        "precision": 0.8,
        "recall": 1.0,
        "f1-score": 0.8888888888888888,
        "support": 20.0
    },
    "U": {
        "precision": 0.8571428571428571,
        "recall": 0.9,
        "f1-score": 0.8780487804878049,
        "support": 20.0
    },
    "UE": {
        "precision": 1.0,
        "recall": 1.0,
        "f1-score": 1.0,
        "support": 20.0
    },
    "U_": {
        "precision": 0.8,
        "recall": 0.8421052631578947,
        "f1-score": 0.8205128205128205,
        "support": 19.0
    },
    "V": {
        "precision": 1.0,
        "recall": 0.8947368421052632,
        "f1-score": 0.9444444444444444,
        "support": 19.0
    },
    "Y": {
        "precision": 1.0,
        "recall": 1.0,
        "f1-score": 1.0,
        "support": 19.0
    },
    "YA": {
        "precision": 0.9411764705882353,
        "recall": 1.0,
        "f1-score": 0.9696969696969697,
        "support": 16.0
    },
    "YU": {
        "precision": 1.0,
        "recall": 0.95,
        "f1-score": 0.9743589743589743,
        "support": 20.0
    },
    "Y_": {
        "precision": 1.0,
        "recall": 0.85,
        "f1-score": 0.918918918918919,
        "support": 20.0
    },
    "Z": {
        "precision": 0.9411764705882353,
        "recall": 1.0,
        "f1-score": 0.9696969696969697,
        "support": 16.0
    },
    "ZH": {
        "precision": 1.0,
        "recall": 0.6,
        "f1-score": 0.75,
        "support": 15.0
    },
    "accuracy": 0.9336734693877551,
    "macro avg": {
        "precision": 0.946494457411792,
        "recall": 0.9306781570137683,
        "f1-score": 0.9317823484678336,
        "support": 784.0
    },
    "weighted avg": {
        "precision": 0.9471171302954101,
        "recall": 0.9336734693877551,
        "f1-score": 0.9340051323507526,
        "support": 784.0
    }
}