{
    "preprocessing": {
        "target_size": [
            224,
            224
        ],
        "rescale": 0.00392156862745098
    },
    "training_params": {
        "batch_size": 32,
        "epochs": 10,
        "learning_rate": 0.001
    },
    "class_accuracies": {
        "A": 0.75,
        "AE": 0.8125,
        "B": 1.0,
        "CH": 1.0,
        "D": 0.6666666666666666,
        "E": 1.0,
        "E_": 0.75,
        "F": 1.0,
        "G": 0.9,
        "GH": 1.0,
        "H": 1.0,
        "H_": 0.7058823529411765,
        "I": 1.0,
        "I_": 0.95,
        "K": 1.0,
        "L": 0.9411764705882353,
        "M": 1.0,
        "MS": 0.85,
        "N": 0.95,
        "NG": 1.0,
        "O": 0.95,
        "OE": 1.0,
        "P": 0.8947368421052632,
        "Q": 1.0,
        "R": 1.0,
        "S": 1.0,
        "SCH": 1.0,
        "SH": 1.0,
        "T": 1.0,
        "TB": 1.0,
        "TS": 1.0,
        "U": 0.9,
        "UE": 1.0,
        "U_": 0.8421052631578947,
        "V": 0.8947368421052632,
        "Y": 1.0,
        "YA": 1.0,
        "YU": 0.95,
        "Y_": 0.85,
        "Z": 1.0,
        "ZH": 0.6
    },
    "class_confidences": {
        "A": 0.4689076840877533,
        "AE": 0.7423232793807983,
        "B": 0.8353525996208191,
        "CH": 0.9698981046676636,
        "D": 0.18167608976364136,
        "E": 0.9680173993110657,
        "E_": 0.7961169481277466,
        "F": 0.8670367002487183,
        "G": 0.6033324599266052,
        "GH": 0.8643302917480469,
        "H": 0.9815726280212402,
        "H_": 0.7854217290878296,
        "I": 0.9267418384552002,
        "I_": 0.8473401069641113,
        "K": 0.7595266699790955,
        "L": 0.8611288666725159,
        "M": 0.9087713956832886,
        "MS": 0.6153131127357483,
        "N": 0.9518463015556335,
        "NG": 0.5881025195121765,
        "O": 0.8164636492729187,
        "OE": 0.8875638842582703,
        "P": 0.8999181985855103,
        "Q": 0.835050106048584,
        "R": 0.8862191438674927,
        "S": 0.9979183077812195,
        "SCH": 0.9633358120918274,
        "SH": 0.9988886117935181,
        "T": 0.8032809495925903,
        "TB": 0.9301552772521973,
        "TS": 0.9976297616958618,
        "U": 0.9160634875297546,
        "UE": 0.9777590036392212,
        "U_": 0.6060861945152283,
        "V": 0.818014919757843,
        "Y": 0.9868385791778564,
        "YA": 0.9451904296875,
        "YU": 0.7894550561904907,
        "Y_": 0.5739530920982361,
        "Z": 0.9227024912834167,
        "ZH": 0.4521275460720062
    }
}